images,masks
Images/image_874.jpg,Masks/image_874.png
Images/image_1220.jpg,Masks/image_1220.png
Images/image_999.jpg,Masks/image_999.png
Images/image_1667.jpg,Masks/image_1667.png
Images/image_452.jpg,Masks/image_452.png
Images/image_821.jpg,Masks/image_821.png
Images/image_1833.jpg,Masks/image_1833.png
Images/image_1504.jpg,Masks/image_1504.png
Images/image_1915.jpg,Masks/image_1915.png
Images/image_1122.jpg,Masks/image_1122.png
Images/image_1428.jpg,Masks/image_1428.png
Images/image_1643.jpg,Masks/image_1643.png
Images/image_925.jpg,Masks/image_925.png
Images/image_721.jpg,Masks/image_721.png
Images/image_54.jpg,Masks/image_54.png
Images/image_1287.jpg,Masks/image_1287.png
Images/image_368.jpg,Masks/image_368.png
Images/image_203.jpg,Masks/image_203.png
Images/image_253.jpg,Masks/image_253.png
Images/image_1467.jpg,Masks/image_1467.png
Images/image_1366.jpg,Masks/image_1366.png
Images/image_333.jpg,Masks/image_333.png
Images/image_1446.jpg,Masks/image_1446.png
Images/image_1969.jpg,Masks/image_1969.png
Images/image_234.jpg,Masks/image_234.png
Images/image_1320.jpg,Masks/image_1320.png
Images/image_936.jpg,Masks/image_936.png
Images/image_1385.jpg,Masks/image_1385.png
Images/image_1956.jpg,Masks/image_1956.png
Images/image_464.jpg,Masks/image_464.png
Images/image_609.jpg,Masks/image_609.png
Images/image_938.jpg,Masks/image_938.png
Images/image_282.jpg,Masks/image_282.png
Images/image_1795.jpg,Masks/image_1795.png
Images/image_605.jpg,Masks/image_605.png
Images/image_1118.jpg,Masks/image_1118.png
Images/image_1062.jpg,Masks/image_1062.png
Images/image_862.jpg,Masks/image_862.png
Images/image_1033.jpg,Masks/image_1033.png
Images/image_981.jpg,Masks/image_981.png
Images/image_1882.jpg,Masks/image_1882.png
Images/image_1556.jpg,Masks/image_1556.png
Images/image_789.jpg,Masks/image_789.png
Images/image_1418.jpg,Masks/image_1418.png
Images/image_477.jpg,Masks/image_477.png
Images/image_1626.jpg,Masks/image_1626.png
Images/image_833.jpg,Masks/image_833.png
Images/image_504.jpg,Masks/image_504.png
Images/image_1555.jpg,Masks/image_1555.png
Images/image_1714.jpg,Masks/image_1714.png
Images/image_1340.jpg,Masks/image_1340.png
Images/image_1388.jpg,Masks/image_1388.png
Images/image_1787.jpg,Masks/image_1787.png
Images/image_250.jpg,Masks/image_250.png
Images/image_903.jpg,Masks/image_903.png
Images/image_1297.jpg,Masks/image_1297.png
Images/image_971.jpg,Masks/image_971.png
Images/image_1894.jpg,Masks/image_1894.png
Images/image_1535.jpg,Masks/image_1535.png
Images/image_1991.jpg,Masks/image_1991.png
Images/image_1870.jpg,Masks/image_1870.png
Images/image_1727.jpg,Masks/image_1727.png
Images/image_831.jpg,Masks/image_831.png
Images/image_1053.jpg,Masks/image_1053.png
Images/image_1316.jpg,Masks/image_1316.png
Images/image_1456.jpg,Masks/image_1456.png
Images/image_155.jpg,Masks/image_155.png
Images/image_502.jpg,Masks/image_502.png
Images/image_284.jpg,Masks/image_284.png
Images/image_232.jpg,Masks/image_232.png
Images/image_1559.jpg,Masks/image_1559.png
Images/image_1751.jpg,Masks/image_1751.png
Images/image_673.jpg,Masks/image_673.png
Images/image_1016.jpg,Masks/image_1016.png
Images/image_1613.jpg,Masks/image_1613.png
Images/image_420.jpg,Masks/image_420.png
Images/image_1971.jpg,Masks/image_1971.png
Images/image_299.jpg,Masks/image_299.png
Images/image_690.jpg,Masks/image_690.png
Images/image_1637.jpg,Masks/image_1637.png
Images/image_1738.jpg,Masks/image_1738.png
Images/image_1973.jpg,Masks/image_1973.png
Images/image_834.jpg,Masks/image_834.png
Images/image_1544.jpg,Masks/image_1544.png
Images/image_1103.jpg,Masks/image_1103.png
Images/image_1518.jpg,Masks/image_1518.png
Images/image_748.jpg,Masks/image_748.png
Images/image_530.jpg,Masks/image_530.png
Images/image_92.jpg,Masks/image_92.png
Images/image_338.jpg,Masks/image_338.png
Images/image_458.jpg,Masks/image_458.png
Images/image_1373.jpg,Masks/image_1373.png
Images/image_1141.jpg,Masks/image_1141.png
Images/image_2000.jpg,Masks/image_2000.png
Images/image_1164.jpg,Masks/image_1164.png
Images/image_1740.jpg,Masks/image_1740.png
Images/image_1038.jpg,Masks/image_1038.png
Images/image_1543.jpg,Masks/image_1543.png
Images/image_273.jpg,Masks/image_273.png
Images/image_78.jpg,Masks/image_78.png
Images/image_861.jpg,Masks/image_861.png
Images/image_713.jpg,Masks/image_713.png
Images/image_320.jpg,Masks/image_320.png
Images/image_1085.jpg,Masks/image_1085.png
Images/image_1599.jpg,Masks/image_1599.png
Images/image_1493.jpg,Masks/image_1493.png
Images/image_35.jpg,Masks/image_35.png
Images/image_618.jpg,Masks/image_618.png
Images/image_525.jpg,Masks/image_525.png
Images/image_1306.jpg,Masks/image_1306.png
Images/image_81.jpg,Masks/image_81.png
Images/image_144.jpg,Masks/image_144.png
Images/image_49.jpg,Masks/image_49.png
Images/image_1796.jpg,Masks/image_1796.png
Images/image_283.jpg,Masks/image_283.png
Images/image_986.jpg,Masks/image_986.png
Images/image_1245.jpg,Masks/image_1245.png
Images/image_97.jpg,Masks/image_97.png
Images/image_809.jpg,Masks/image_809.png
Images/image_574.jpg,Masks/image_574.png
Images/image_937.jpg,Masks/image_937.png
Images/image_1048.jpg,Masks/image_1048.png
Images/image_291.jpg,Masks/image_291.png
Images/image_1749.jpg,Masks/image_1749.png
Images/image_480.jpg,Masks/image_480.png
Images/image_126.jpg,Masks/image_126.png
Images/image_1595.jpg,Masks/image_1595.png
Images/image_1450.jpg,Masks/image_1450.png
Images/image_976.jpg,Masks/image_976.png
Images/image_694.jpg,Masks/image_694.png
Images/image_1914.jpg,Masks/image_1914.png
Images/image_147.jpg,Masks/image_147.png
Images/image_941.jpg,Masks/image_941.png
Images/image_1104.jpg,Masks/image_1104.png
Images/image_1999.jpg,Masks/image_1999.png
Images/image_625.jpg,Masks/image_625.png
Images/image_260.jpg,Masks/image_260.png
Images/image_1259.jpg,Masks/image_1259.png
Images/image_1475.jpg,Masks/image_1475.png
Images/image_1210.jpg,Masks/image_1210.png
Images/image_1902.jpg,Masks/image_1902.png
Images/image_344.jpg,Masks/image_344.png
Images/image_768.jpg,Masks/image_768.png
Images/image_411.jpg,Masks/image_411.png
Images/image_187.jpg,Masks/image_187.png
Images/image_1834.jpg,Masks/image_1834.png
Images/image_157.jpg,Masks/image_157.png
Images/image_10.jpg,Masks/image_10.png
Images/image_1830.jpg,Masks/image_1830.png
Images/image_1247.jpg,Masks/image_1247.png
Images/image_1889.jpg,Masks/image_1889.png
Images/image_1547.jpg,Masks/image_1547.png
Images/image_985.jpg,Masks/image_985.png
Images/image_86.jpg,Masks/image_86.png
Images/image_1673.jpg,Masks/image_1673.png
Images/image_371.jpg,Masks/image_371.png
Images/image_1490.jpg,Masks/image_1490.png
Images/image_1635.jpg,Masks/image_1635.png
Images/image_709.jpg,Masks/image_709.png
Images/image_1246.jpg,Masks/image_1246.png
Images/image_171.jpg,Masks/image_171.png
Images/image_832.jpg,Masks/image_832.png
Images/image_827.jpg,Masks/image_827.png
Images/image_479.jpg,Masks/image_479.png
Images/image_444.jpg,Masks/image_444.png
Images/image_1698.jpg,Masks/image_1698.png
Images/image_697.jpg,Masks/image_697.png
Images/image_1436.jpg,Masks/image_1436.png
Images/image_946.jpg,Masks/image_946.png
Images/image_1630.jpg,Masks/image_1630.png
Images/image_1165.jpg,Masks/image_1165.png
Images/image_1812.jpg,Masks/image_1812.png
Images/image_783.jpg,Masks/image_783.png
Images/image_724.jpg,Masks/image_724.png
Images/image_1924.jpg,Masks/image_1924.png
Images/image_112.jpg,Masks/image_112.png
Images/image_1952.jpg,Masks/image_1952.png
Images/image_1181.jpg,Masks/image_1181.png
Images/image_956.jpg,Masks/image_956.png
Images/image_1094.jpg,Masks/image_1094.png
Images/image_714.jpg,Masks/image_714.png
Images/image_1502.jpg,Masks/image_1502.png
Images/image_314.jpg,Masks/image_314.png
Images/image_1028.jpg,Masks/image_1028.png
Images/image_471.jpg,Masks/image_471.png
Images/image_1565.jpg,Masks/image_1565.png
Images/image_1593.jpg,Masks/image_1593.png
Images/image_650.jpg,Masks/image_650.png
Images/image_488.jpg,Masks/image_488.png
Images/image_1001.jpg,Masks/image_1001.png
Images/image_1921.jpg,Masks/image_1921.png
Images/image_1176.jpg,Masks/image_1176.png
Images/image_1511.jpg,Masks/image_1511.png
Images/image_1240.jpg,Masks/image_1240.png
Images/image_852.jpg,Masks/image_852.png
Images/image_1336.jpg,Masks/image_1336.png
Images/image_898.jpg,Masks/image_898.png
Images/image_1393.jpg,Masks/image_1393.png
Images/image_893.jpg,Masks/image_893.png
Images/image_1459.jpg,Masks/image_1459.png
Images/image_1127.jpg,Masks/image_1127.png
Images/image_121.jpg,Masks/image_121.png
Images/image_1120.jpg,Masks/image_1120.png
Images/image_1651.jpg,Masks/image_1651.png
Images/image_1955.jpg,Masks/image_1955.png
Images/image_44.jpg,Masks/image_44.png
Images/image_1143.jpg,Masks/image_1143.png
Images/image_167.jpg,Masks/image_167.png
Images/image_1424.jpg,Masks/image_1424.png
Images/image_1776.jpg,Masks/image_1776.png
Images/image_1008.jpg,Masks/image_1008.png
Images/image_1995.jpg,Masks/image_1995.png
Images/image_1339.jpg,Masks/image_1339.png
Images/image_817.jpg,Masks/image_817.png
Images/image_1838.jpg,Masks/image_1838.png
Images/image_1927.jpg,Masks/image_1927.png
Images/image_1416.jpg,Masks/image_1416.png
Images/image_1408.jpg,Masks/image_1408.png
Images/image_1798.jpg,Masks/image_1798.png
Images/image_265.jpg,Masks/image_265.png
Images/image_1499.jpg,Masks/image_1499.png
Images/image_416.jpg,Masks/image_416.png
Images/image_1067.jpg,Masks/image_1067.png
Images/image_1469.jpg,Masks/image_1469.png
Images/image_815.jpg,Masks/image_815.png
Images/image_1579.jpg,Masks/image_1579.png
Images/image_28.jpg,Masks/image_28.png
Images/image_77.jpg,Masks/image_77.png
Images/image_140.jpg,Masks/image_140.png
Images/image_600.jpg,Masks/image_600.png
Images/image_545.jpg,Masks/image_545.png
Images/image_1638.jpg,Masks/image_1638.png
Images/image_1642.jpg,Masks/image_1642.png
Images/image_1681.jpg,Masks/image_1681.png
Images/image_1603.jpg,Masks/image_1603.png
Images/image_1441.jpg,Masks/image_1441.png
Images/image_1744.jpg,Masks/image_1744.png
Images/image_1130.jpg,Masks/image_1130.png
Images/image_313.jpg,Masks/image_313.png
Images/image_67.jpg,Masks/image_67.png
Images/image_799.jpg,Masks/image_799.png
Images/image_1451.jpg,Masks/image_1451.png
Images/image_135.jpg,Masks/image_135.png
Images/image_1069.jpg,Masks/image_1069.png
Images/image_1401.jpg,Masks/image_1401.png
Images/image_428.jpg,Masks/image_428.png
Images/image_716.jpg,Masks/image_716.png
Images/image_779.jpg,Masks/image_779.png
Images/image_1412.jpg,Masks/image_1412.png
Images/image_1806.jpg,Masks/image_1806.png
Images/image_1379.jpg,Masks/image_1379.png
Images/image_1012.jpg,Masks/image_1012.png
Images/image_1644.jpg,Masks/image_1644.png
Images/image_626.jpg,Masks/image_626.png
Images/image_743.jpg,Masks/image_743.png
Images/image_972.jpg,Masks/image_972.png
Images/image_212.jpg,Masks/image_212.png
Images/image_826.jpg,Masks/image_826.png
Images/image_104.jpg,Masks/image_104.png
Images/image_448.jpg,Masks/image_448.png
Images/image_1156.jpg,Masks/image_1156.png
Images/image_1604.jpg,Masks/image_1604.png
Images/image_69.jpg,Masks/image_69.png
Images/image_997.jpg,Masks/image_997.png
Images/image_1442.jpg,Masks/image_1442.png
Images/image_29.jpg,Masks/image_29.png
Images/image_1506.jpg,Masks/image_1506.png
Images/image_1057.jpg,Masks/image_1057.png
Images/image_1332.jpg,Masks/image_1332.png
Images/image_1717.jpg,Masks/image_1717.png
Images/image_1347.jpg,Masks/image_1347.png
Images/image_38.jpg,Masks/image_38.png
Images/image_127.jpg,Masks/image_127.png
Images/image_627.jpg,Masks/image_627.png
Images/image_1616.jpg,Masks/image_1616.png
Images/image_607.jpg,Masks/image_607.png
Images/image_1486.jpg,Masks/image_1486.png
Images/image_1482.jpg,Masks/image_1482.png
Images/image_1097.jpg,Masks/image_1097.png
Images/image_101.jpg,Masks/image_101.png
Images/image_1063.jpg,Masks/image_1063.png
Images/image_1771.jpg,Masks/image_1771.png
Images/image_736.jpg,Masks/image_736.png
Images/image_1789.jpg,Masks/image_1789.png
Images/image_272.jpg,Masks/image_272.png
Images/image_1168.jpg,Masks/image_1168.png
Images/image_727.jpg,Masks/image_727.png
Images/image_523.jpg,Masks/image_523.png
Images/image_1797.jpg,Masks/image_1797.png
Images/image_1875.jpg,Masks/image_1875.png
Images/image_245.jpg,Masks/image_245.png
Images/image_296.jpg,Masks/image_296.png
Images/image_1611.jpg,Masks/image_1611.png
Images/image_84.jpg,Masks/image_84.png
Images/image_1425.jpg,Masks/image_1425.png
Images/image_1157.jpg,Masks/image_1157.png
Images/image_467.jpg,Masks/image_467.png
Images/image_622.jpg,Masks/image_622.png
Images/image_1041.jpg,Masks/image_1041.png
Images/image_546.jpg,Masks/image_546.png
Images/image_113.jpg,Masks/image_113.png
Images/image_911.jpg,Masks/image_911.png
Images/image_1371.jpg,Masks/image_1371.png
Images/image_238.jpg,Masks/image_238.png
Images/image_409.jpg,Masks/image_409.png
Images/image_1484.jpg,Masks/image_1484.png
Images/image_1132.jpg,Masks/image_1132.png
Images/image_1049.jpg,Masks/image_1049.png
Images/image_1965.jpg,Masks/image_1965.png
Images/image_1542.jpg,Masks/image_1542.png
Images/image_1982.jpg,Masks/image_1982.png
Images/image_1092.jpg,Masks/image_1092.png
Images/image_1761.jpg,Masks/image_1761.png
Images/image_1273.jpg,Masks/image_1273.png
Images/image_773.jpg,Masks/image_773.png
Images/image_1476.jpg,Masks/image_1476.png
Images/image_17.jpg,Masks/image_17.png
Images/image_1200.jpg,Masks/image_1200.png
Images/image_376.jpg,Masks/image_376.png
Images/image_122.jpg,Masks/image_122.png
Images/image_763.jpg,Masks/image_763.png
Images/image_103.jpg,Masks/image_103.png
Images/image_1822.jpg,Masks/image_1822.png
Images/image_795.jpg,Masks/image_795.png
Images/image_1036.jpg,Masks/image_1036.png
Images/image_1861.jpg,Masks/image_1861.png
Images/image_1777.jpg,Masks/image_1777.png
Images/image_522.jpg,Masks/image_522.png
Images/image_699.jpg,Masks/image_699.png
Images/image_988.jpg,Masks/image_988.png
Images/image_944.jpg,Masks/image_944.png
Images/image_1096.jpg,Masks/image_1096.png
Images/image_1411.jpg,Masks/image_1411.png
Images/image_1670.jpg,Masks/image_1670.png
Images/image_1330.jpg,Masks/image_1330.png
Images/image_1250.jpg,Masks/image_1250.png
Images/image_1116.jpg,Masks/image_1116.png
Images/image_361.jpg,Masks/image_361.png
Images/image_1445.jpg,Masks/image_1445.png
Images/image_82.jpg,Masks/image_82.png
Images/image_966.jpg,Masks/image_966.png
Images/image_1182.jpg,Masks/image_1182.png
Images/image_259.jpg,Masks/image_259.png
Images/image_1962.jpg,Masks/image_1962.png
Images/image_1262.jpg,Masks/image_1262.png
Images/image_365.jpg,Masks/image_365.png
Images/image_1718.jpg,Masks/image_1718.png
Images/image_723.jpg,Masks/image_723.png
Images/image_1629.jpg,Masks/image_1629.png
Images/image_692.jpg,Masks/image_692.png
Images/image_1020.jpg,Masks/image_1020.png
Images/image_1585.jpg,Masks/image_1585.png
Images/image_1684.jpg,Masks/image_1684.png
Images/image_478.jpg,Masks/image_478.png
Images/image_378.jpg,Masks/image_378.png
Images/image_1885.jpg,Masks/image_1885.png
Images/image_1696.jpg,Masks/image_1696.png
Images/image_1788.jpg,Masks/image_1788.png
Images/image_200.jpg,Masks/image_200.png
Images/image_1119.jpg,Masks/image_1119.png
Images/image_1163.jpg,Masks/image_1163.png
Images/image_438.jpg,Masks/image_438.png
Images/image_307.jpg,Masks/image_307.png
Images/image_1213.jpg,Masks/image_1213.png
Images/image_1031.jpg,Masks/image_1031.png
Images/image_1426.jpg,Masks/image_1426.png
Images/image_706.jpg,Masks/image_706.png
Images/image_1996.jpg,Masks/image_1996.png
Images/image_476.jpg,Masks/image_476.png
Images/image_1809.jpg,Masks/image_1809.png
Images/image_1655.jpg,Masks/image_1655.png
Images/image_117.jpg,Masks/image_117.png
Images/image_111.jpg,Masks/image_111.png
Images/image_1937.jpg,Masks/image_1937.png
Images/image_1750.jpg,Masks/image_1750.png
Images/image_1289.jpg,Masks/image_1289.png
Images/image_1913.jpg,Masks/image_1913.png
Images/image_1115.jpg,Masks/image_1115.png
Images/image_529.jpg,Masks/image_529.png
Images/image_620.jpg,Masks/image_620.png
Images/image_978.jpg,Masks/image_978.png
Images/image_393.jpg,Masks/image_393.png
Images/image_1361.jpg,Masks/image_1361.png
Images/image_1468.jpg,Masks/image_1468.png
Images/image_1847.jpg,Masks/image_1847.png
Images/image_619.jpg,Masks/image_619.png
Images/image_1309.jpg,Masks/image_1309.png
Images/image_400.jpg,Masks/image_400.png
Images/image_334.jpg,Masks/image_334.png
Images/image_1022.jpg,Masks/image_1022.png
Images/image_1368.jpg,Masks/image_1368.png
Images/image_766.jpg,Masks/image_766.png
Images/image_1372.jpg,Masks/image_1372.png
Images/image_331.jpg,Masks/image_331.png
Images/image_1172.jpg,Masks/image_1172.png
Images/image_616.jpg,Masks/image_616.png
Images/image_494.jpg,Masks/image_494.png
Images/image_770.jpg,Masks/image_770.png
Images/image_459.jpg,Masks/image_459.png
Images/image_782.jpg,Masks/image_782.png
Images/image_1186.jpg,Masks/image_1186.png
Images/image_6.jpg,Masks/image_6.png
Images/image_931.jpg,Masks/image_931.png
Images/image_392.jpg,Masks/image_392.png
Images/image_178.jpg,Masks/image_178.png
Images/image_363.jpg,Masks/image_363.png
Images/image_503.jpg,Masks/image_503.png
Images/image_1337.jpg,Masks/image_1337.png
Images/image_1015.jpg,Masks/image_1015.png
Images/image_758.jpg,Masks/image_758.png
Images/image_1942.jpg,Masks/image_1942.png
Images/image_64.jpg,Masks/image_64.png
Images/image_1803.jpg,Masks/image_1803.png
Images/image_1545.jpg,Masks/image_1545.png
Images/image_1212.jpg,Masks/image_1212.png
Images/image_705.jpg,Masks/image_705.png
Images/image_323.jpg,Masks/image_323.png
Images/image_1191.jpg,Masks/image_1191.png
Images/image_1726.jpg,Masks/image_1726.png
Images/image_744.jpg,Masks/image_744.png
Images/image_1341.jpg,Masks/image_1341.png
Images/image_1453.jpg,Masks/image_1453.png
Images/image_1472.jpg,Masks/image_1472.png
Images/image_1232.jpg,Masks/image_1232.png
Images/image_153.jpg,Masks/image_153.png
Images/image_838.jpg,Masks/image_838.png
Images/image_1728.jpg,Masks/image_1728.png
Images/image_998.jpg,Masks/image_998.png
Images/image_468.jpg,Masks/image_468.png
Images/image_1105.jpg,Masks/image_1105.png
Images/image_2002.jpg,Masks/image_2002.png
Images/image_491.jpg,Masks/image_491.png
Images/image_1134.jpg,Masks/image_1134.png
Images/image_772.jpg,Masks/image_772.png
Images/image_520.jpg,Masks/image_520.png
Images/image_465.jpg,Masks/image_465.png
Images/image_1296.jpg,Masks/image_1296.png
Images/image_1639.jpg,Masks/image_1639.png
Images/image_481.jpg,Masks/image_481.png
Images/image_902.jpg,Masks/image_902.png
Images/image_829.jpg,Masks/image_829.png
Images/image_512.jpg,Masks/image_512.png
Images/image_1043.jpg,Masks/image_1043.png
Images/image_1042.jpg,Masks/image_1042.png
Images/image_1058.jpg,Masks/image_1058.png
Images/image_825.jpg,Masks/image_825.png
Images/image_176.jpg,Masks/image_176.png
Images/image_801.jpg,Masks/image_801.png
Images/image_324.jpg,Masks/image_324.png
Images/image_1228.jpg,Masks/image_1228.png
Images/image_280.jpg,Masks/image_280.png
Images/image_751.jpg,Masks/image_751.png
Images/image_791.jpg,Masks/image_791.png
Images/image_566.jpg,Masks/image_566.png
Images/image_591.jpg,Masks/image_591.png
Images/image_1848.jpg,Masks/image_1848.png
Images/image_1380.jpg,Masks/image_1380.png
Images/image_423.jpg,Masks/image_423.png
Images/image_630.jpg,Masks/image_630.png
Images/image_665.jpg,Masks/image_665.png
Images/image_217.jpg,Masks/image_217.png
Images/image_923.jpg,Masks/image_923.png
Images/image_633.jpg,Masks/image_633.png
Images/image_1701.jpg,Masks/image_1701.png
Images/image_1151.jpg,Masks/image_1151.png
Images/image_336.jpg,Masks/image_336.png
Images/image_1541.jpg,Masks/image_1541.png
Images/image_1055.jpg,Masks/image_1055.png
Images/image_1943.jpg,Masks/image_1943.png
Images/image_1470.jpg,Masks/image_1470.png
Images/image_656.jpg,Masks/image_656.png
Images/image_1837.jpg,Masks/image_1837.png
Images/image_1100.jpg,Masks/image_1100.png
Images/image_1420.jpg,Masks/image_1420.png
Images/image_805.jpg,Masks/image_805.png
Images/image_1583.jpg,Masks/image_1583.png
Images/image_1360.jpg,Masks/image_1360.png
Images/image_229.jpg,Masks/image_229.png
Images/image_116.jpg,Masks/image_116.png
Images/image_1862.jpg,Masks/image_1862.png
Images/image_309.jpg,Masks/image_309.png
Images/image_1161.jpg,Masks/image_1161.png
Images/image_747.jpg,Masks/image_747.png
Images/image_1754.jpg,Masks/image_1754.png
Images/image_1276.jpg,Masks/image_1276.png
Images/image_1294.jpg,Masks/image_1294.png
Images/image_592.jpg,Masks/image_592.png
Images/image_1890.jpg,Masks/image_1890.png
Images/image_1928.jpg,Masks/image_1928.png
Images/image_717.jpg,Masks/image_717.png
Images/image_613.jpg,Masks/image_613.png
Images/image_353.jpg,Masks/image_353.png
Images/image_231.jpg,Masks/image_231.png
Images/image_1888.jpg,Masks/image_1888.png
Images/image_926.jpg,Masks/image_926.png
Images/image_482.jpg,Masks/image_482.png
Images/image_636.jpg,Masks/image_636.png
Images/image_332.jpg,Masks/image_332.png
Images/image_278.jpg,Masks/image_278.png
Images/image_1509.jpg,Masks/image_1509.png
Images/image_426.jpg,Masks/image_426.png
Images/image_1026.jpg,Masks/image_1026.png
Images/image_1705.jpg,Masks/image_1705.png
Images/image_963.jpg,Masks/image_963.png
Images/image_63.jpg,Masks/image_63.png
Images/image_1841.jpg,Masks/image_1841.png
Images/image_1279.jpg,Masks/image_1279.png
Images/image_263.jpg,Masks/image_263.png
Images/image_1402.jpg,Masks/image_1402.png
Images/image_1346.jpg,Masks/image_1346.png
Images/image_1934.jpg,Masks/image_1934.png
Images/image_367.jpg,Masks/image_367.png
Images/image_1513.jpg,Masks/image_1513.png
Images/image_814.jpg,Masks/image_814.png
Images/image_294.jpg,Masks/image_294.png
Images/image_1107.jpg,Masks/image_1107.png
Images/image_492.jpg,Masks/image_492.png
Images/image_1827.jpg,Masks/image_1827.png
Images/image_177.jpg,Masks/image_177.png
Images/image_1079.jpg,Masks/image_1079.png
Images/image_947.jpg,Masks/image_947.png
Images/image_1767.jpg,Masks/image_1767.png
Images/image_880.jpg,Masks/image_880.png
Images/image_233.jpg,Masks/image_233.png
Images/image_11.jpg,Masks/image_11.png
Images/image_1786.jpg,Masks/image_1786.png
Images/image_516.jpg,Masks/image_516.png
Images/image_489.jpg,Masks/image_489.png
Images/image_319.jpg,Masks/image_319.png
Images/image_1873.jpg,Masks/image_1873.png
Images/image_268.jpg,Masks/image_268.png
Images/image_102.jpg,Masks/image_102.png
Images/image_1084.jpg,Masks/image_1084.png
Images/image_1148.jpg,Masks/image_1148.png
Images/image_611.jpg,Masks/image_611.png
Images/image_873.jpg,Masks/image_873.png
Images/image_1866.jpg,Masks/image_1866.png
Images/image_1073.jpg,Masks/image_1073.png
Images/image_228.jpg,Masks/image_228.png
Images/image_129.jpg,Masks/image_129.png
Images/image_652.jpg,Masks/image_652.png
Images/image_917.jpg,Masks/image_917.png
Images/image_302.jpg,Masks/image_302.png
Images/image_1912.jpg,Masks/image_1912.png
Images/image_170.jpg,Masks/image_170.png
Images/image_1774.jpg,Masks/image_1774.png
Images/image_1938.jpg,Masks/image_1938.png
Images/image_970.jpg,Masks/image_970.png
Images/image_1766.jpg,Masks/image_1766.png
Images/image_1389.jpg,Masks/image_1389.png
Images/image_1783.jpg,Masks/image_1783.png
Images/image_835.jpg,Masks/image_835.png
Images/image_882.jpg,Masks/image_882.png
Images/image_1413.jpg,Masks/image_1413.png
Images/image_1207.jpg,Masks/image_1207.png
Images/image_907.jpg,Masks/image_907.png
Images/image_72.jpg,Masks/image_72.png
Images/image_1254.jpg,Masks/image_1254.png
Images/image_514.jpg,Masks/image_514.png
Images/image_1483.jpg,Masks/image_1483.png
Images/image_1528.jpg,Masks/image_1528.png
Images/image_1640.jpg,Masks/image_1640.png
Images/image_13.jpg,Masks/image_13.png
Images/image_107.jpg,Masks/image_107.png
Images/image_1916.jpg,Masks/image_1916.png
Images/image_1953.jpg,Masks/image_1953.png
Images/image_1292.jpg,Masks/image_1292.png
Images/image_688.jpg,Masks/image_688.png
Images/image_1581.jpg,Masks/image_1581.png
Images/image_1074.jpg,Masks/image_1074.png
Images/image_1414.jpg,Masks/image_1414.png
Images/image_1694.jpg,Masks/image_1694.png
Images/image_215.jpg,Masks/image_215.png
Images/image_1241.jpg,Masks/image_1241.png
Images/image_1758.jpg,Masks/image_1758.png
Images/image_1811.jpg,Masks/image_1811.png
Images/image_786.jpg,Masks/image_786.png
Images/image_1967.jpg,Masks/image_1967.png
Images/image_1003.jpg,Masks/image_1003.png
Images/image_1312.jpg,Masks/image_1312.png
Images/image_318.jpg,Masks/image_318.png
Images/image_913.jpg,Masks/image_913.png
Images/image_94.jpg,Masks/image_94.png
Images/image_1884.jpg,Masks/image_1884.png
Images/image_315.jpg,Masks/image_315.png
Images/image_802.jpg,Masks/image_802.png
Images/image_1285.jpg,Masks/image_1285.png
Images/image_1275.jpg,Masks/image_1275.png
Images/image_780.jpg,Masks/image_780.png
Images/image_197.jpg,Masks/image_197.png
Images/image_1649.jpg,Masks/image_1649.png
Images/image_1319.jpg,Masks/image_1319.png
Images/image_1730.jpg,Masks/image_1730.png
Images/image_1461.jpg,Masks/image_1461.png
Images/image_1974.jpg,Masks/image_1974.png
Images/image_1244.jpg,Masks/image_1244.png
Images/image_672.jpg,Masks/image_672.png
Images/image_876.jpg,Masks/image_876.png
Images/image_934.jpg,Masks/image_934.png
Images/image_59.jpg,Masks/image_59.png
Images/image_1983.jpg,Masks/image_1983.png
Images/image_1560.jpg,Masks/image_1560.png
Images/image_1495.jpg,Masks/image_1495.png
Images/image_1855.jpg,Masks/image_1855.png
Images/image_1887.jpg,Masks/image_1887.png
Images/image_1929.jpg,Masks/image_1929.png
Images/image_889.jpg,Masks/image_889.png
Images/image_526.jpg,Masks/image_526.png
Images/image_1510.jpg,Masks/image_1510.png
Images/image_186.jpg,Masks/image_186.png
Images/image_1465.jpg,Masks/image_1465.png
Images/image_850.jpg,Masks/image_850.png
Images/image_1305.jpg,Masks/image_1305.png
Images/image_161.jpg,Masks/image_161.png
Images/image_1478.jpg,Masks/image_1478.png
Images/image_220.jpg,Masks/image_220.png
Images/image_507.jpg,Masks/image_507.png
Images/image_1554.jpg,Masks/image_1554.png
Images/image_1473.jpg,Masks/image_1473.png
Images/image_1093.jpg,Masks/image_1093.png
Images/image_449.jpg,Masks/image_449.png
Images/image_905.jpg,Masks/image_905.png
Images/image_1874.jpg,Masks/image_1874.png
Images/image_466.jpg,Masks/image_466.png
Images/image_1575.jpg,Masks/image_1575.png
Images/image_914.jpg,Masks/image_914.png
Images/image_594.jpg,Masks/image_594.png
Images/image_959.jpg,Masks/image_959.png
Images/image_33.jpg,Masks/image_33.png
Images/image_845.jpg,Masks/image_845.png
Images/image_1199.jpg,Masks/image_1199.png
Images/image_731.jpg,Masks/image_731.png
Images/image_1708.jpg,Masks/image_1708.png
Images/image_792.jpg,Masks/image_792.png
Images/image_1248.jpg,Masks/image_1248.png
Images/image_39.jpg,Masks/image_39.png
Images/image_951.jpg,Masks/image_951.png
Images/image_1145.jpg,Masks/image_1145.png
Images/image_1515.jpg,Masks/image_1515.png
Images/image_1864.jpg,Masks/image_1864.png
Images/image_1117.jpg,Masks/image_1117.png
Images/image_686.jpg,Masks/image_686.png
Images/image_429.jpg,Masks/image_429.png
Images/image_1021.jpg,Masks/image_1021.png
Images/image_1109.jpg,Masks/image_1109.png
Images/image_1080.jpg,Masks/image_1080.png
Images/image_974.jpg,Masks/image_974.png
Images/image_256.jpg,Masks/image_256.png
Images/image_767.jpg,Masks/image_767.png
Images/image_321.jpg,Masks/image_321.png
Images/image_201.jpg,Masks/image_201.png
Images/image_1491.jpg,Masks/image_1491.png
Images/image_648.jpg,Masks/image_648.png
Images/image_1046.jpg,Masks/image_1046.png
Images/image_443.jpg,Masks/image_443.png
Images/image_191.jpg,Masks/image_191.png
Images/image_16.jpg,Masks/image_16.png
Images/image_1434.jpg,Masks/image_1434.png
Images/image_1386.jpg,Masks/image_1386.png
Images/image_1437.jpg,Masks/image_1437.png
Images/image_1589.jpg,Masks/image_1589.png
Images/image_327.jpg,Masks/image_327.png
Images/image_1715.jpg,Masks/image_1715.png
Images/image_979.jpg,Masks/image_979.png
Images/image_330.jpg,Masks/image_330.png
Images/image_707.jpg,Masks/image_707.png
Images/image_836.jpg,Masks/image_836.png
Images/image_1291.jpg,Masks/image_1291.png
Images/image_1397.jpg,Masks/image_1397.png
Images/image_4.jpg,Masks/image_4.png
Images/image_1576.jpg,Masks/image_1576.png
Images/image_595.jpg,Masks/image_595.png
Images/image_702.jpg,Masks/image_702.png
Images/image_133.jpg,Masks/image_133.png
Images/image_587.jpg,Masks/image_587.png
Images/image_23.jpg,Masks/image_23.png
Images/image_1288.jpg,Masks/image_1288.png
Images/image_1988.jpg,Masks/image_1988.png
Images/image_570.jpg,Masks/image_570.png
Images/image_347.jpg,Masks/image_347.png
Images/image_1351.jpg,Masks/image_1351.png
Images/image_384.jpg,Masks/image_384.png
Images/image_1095.jpg,Masks/image_1095.png
Images/image_1828.jpg,Masks/image_1828.png
Images/image_190.jpg,Masks/image_190.png
Images/image_1947.jpg,Masks/image_1947.png
Images/image_1474.jpg,Masks/image_1474.png
Images/image_877.jpg,Masks/image_877.png
Images/image_74.jpg,Masks/image_74.png
Images/image_1230.jpg,Masks/image_1230.png
Images/image_1680.jpg,Masks/image_1680.png
Images/image_759.jpg,Masks/image_759.png
Images/image_635.jpg,Masks/image_635.png
Images/image_1860.jpg,Masks/image_1860.png
Images/image_561.jpg,Masks/image_561.png
Images/image_1621.jpg,Masks/image_1621.png
Images/image_60.jpg,Masks/image_60.png
Images/image_1314.jpg,Masks/image_1314.png
Images/image_1832.jpg,Masks/image_1832.png
Images/image_286.jpg,Masks/image_286.png
Images/image_1364.jpg,Masks/image_1364.png
Images/image_921.jpg,Masks/image_921.png
Images/image_249.jpg,Masks/image_249.png
Images/image_518.jpg,Masks/image_518.png
Images/image_1980.jpg,Masks/image_1980.png
Images/image_499.jpg,Masks/image_499.png
Images/image_1205.jpg,Masks/image_1205.png
Images/image_1563.jpg,Masks/image_1563.png
Images/image_1415.jpg,Masks/image_1415.png
Images/image_517.jpg,Masks/image_517.png
Images/image_1747.jpg,Masks/image_1747.png
Images/image_533.jpg,Masks/image_533.png
Images/image_1831.jpg,Masks/image_1831.png
Images/image_1383.jpg,Masks/image_1383.png
Images/image_1700.jpg,Masks/image_1700.png
Images/image_701.jpg,Masks/image_701.png
Images/image_867.jpg,Masks/image_867.png
Images/image_720.jpg,Masks/image_720.png
Images/image_373.jpg,Masks/image_373.png
Images/image_1300.jpg,Masks/image_1300.png
Images/image_1939.jpg,Masks/image_1939.png
Images/image_578.jpg,Masks/image_578.png
Images/image_1948.jpg,Masks/image_1948.png
Images/image_337.jpg,Masks/image_337.png
Images/image_1521.jpg,Masks/image_1521.png
Images/image_1.jpg,Masks/image_1.png
Images/image_1387.jpg,Masks/image_1387.png
Images/image_1293.jpg,Masks/image_1293.png
Images/image_1047.jpg,Masks/image_1047.png
Images/image_1819.jpg,Masks/image_1819.png
Images/image_796.jpg,Masks/image_796.png
Images/image_840.jpg,Masks/image_840.png
Images/image_1108.jpg,Masks/image_1108.png
Images/image_554.jpg,Masks/image_554.png
Images/image_933.jpg,Masks/image_933.png
Images/image_954.jpg,Masks/image_954.png
Images/image_119.jpg,Masks/image_119.png
Images/image_1710.jpg,Masks/image_1710.png
Images/image_109.jpg,Masks/image_109.png
Images/image_863.jpg,Masks/image_863.png
Images/image_945.jpg,Masks/image_945.png
Images/image_1703.jpg,Masks/image_1703.png
Images/image_328.jpg,Masks/image_328.png
Images/image_202.jpg,Masks/image_202.png
Images/image_208.jpg,Masks/image_208.png
Images/image_1447.jpg,Masks/image_1447.png
Images/image_193.jpg,Masks/image_193.png
Images/image_1775.jpg,Masks/image_1775.png
Images/image_1507.jpg,Masks/image_1507.png
Images/image_1464.jpg,Masks/image_1464.png
Images/image_401.jpg,Masks/image_401.png
Images/image_165.jpg,Masks/image_165.png
Images/image_1517.jpg,Masks/image_1517.png
Images/image_497.jpg,Masks/image_497.png
Images/image_83.jpg,Masks/image_83.png
Images/image_1900.jpg,Masks/image_1900.png
Images/image_1198.jpg,Masks/image_1198.png
Images/image_1954.jpg,Masks/image_1954.png
Images/image_1820.jpg,Masks/image_1820.png
Images/image_932.jpg,Masks/image_932.png
Images/image_1431.jpg,Masks/image_1431.png
Images/image_194.jpg,Masks/image_194.png
Images/image_1753.jpg,Masks/image_1753.png
Images/image_403.jpg,Masks/image_403.png
Images/image_248.jpg,Masks/image_248.png
Images/image_1419.jpg,Masks/image_1419.png
Images/image_1679.jpg,Masks/image_1679.png
Images/image_1933.jpg,Masks/image_1933.png
Images/image_1615.jpg,Masks/image_1615.png
Images/image_1106.jpg,Masks/image_1106.png
Images/image_1433.jpg,Masks/image_1433.png
Images/image_1972.jpg,Masks/image_1972.png
Images/image_750.jpg,Masks/image_750.png
Images/image_427.jpg,Masks/image_427.png
Images/image_1376.jpg,Masks/image_1376.png
Images/image_1632.jpg,Masks/image_1632.png
Images/image_866.jpg,Masks/image_866.png
Images/image_930.jpg,Masks/image_930.png
Images/image_1423.jpg,Masks/image_1423.png
Images/image_1763.jpg,Masks/image_1763.png
Images/image_1564.jpg,Masks/image_1564.png
Images/image_1139.jpg,Masks/image_1139.png
Images/image_1853.jpg,Masks/image_1853.png
Images/image_1435.jpg,Masks/image_1435.png
Images/image_1610.jpg,Masks/image_1610.png
Images/image_1678.jpg,Masks/image_1678.png
Images/image_674.jpg,Masks/image_674.png
Images/image_326.jpg,Masks/image_326.png
Images/image_1299.jpg,Masks/image_1299.png
Images/image_1007.jpg,Masks/image_1007.png
Images/image_1203.jpg,Masks/image_1203.png
Images/image_1439.jpg,Masks/image_1439.png
Images/image_1363.jpg,Masks/image_1363.png
Images/image_240.jpg,Masks/image_240.png
Images/image_1591.jpg,Masks/image_1591.png
Images/image_729.jpg,Masks/image_729.png
Images/image_473.jpg,Masks/image_473.png
Images/image_1102.jpg,Masks/image_1102.png
Images/image_1636.jpg,Masks/image_1636.png
Images/image_855.jpg,Masks/image_855.png
Images/image_5.jpg,Masks/image_5.png
Images/image_1706.jpg,Masks/image_1706.png
Images/image_110.jpg,Masks/image_110.png
Images/image_1082.jpg,Masks/image_1082.png
Images/image_543.jpg,Masks/image_543.png
Images/image_1609.jpg,Masks/image_1609.png
Images/image_25.jpg,Masks/image_25.png
Images/image_1520.jpg,Masks/image_1520.png
Images/image_150.jpg,Masks/image_150.png
Images/image_1772.jpg,Masks/image_1772.png
Images/image_1327.jpg,Masks/image_1327.png
Images/image_1278.jpg,Masks/image_1278.png
Images/image_1492.jpg,Masks/image_1492.png
Images/image_1571.jpg,Masks/image_1571.png
Images/image_132.jpg,Masks/image_132.png
Images/image_983.jpg,Masks/image_983.png
Images/image_1019.jpg,Masks/image_1019.png
Images/image_1859.jpg,Masks/image_1859.png
Images/image_89.jpg,Masks/image_89.png
Images/image_1113.jpg,Masks/image_1113.png
Images/image_1444.jpg,Masks/image_1444.png
Images/image_2.jpg,Masks/image_2.png
Images/image_1741.jpg,Masks/image_1741.png
Images/image_557.jpg,Masks/image_557.png
Images/image_1989.jpg,Masks/image_1989.png
Images/image_1661.jpg,Masks/image_1661.png
Images/image_7.jpg,Masks/image_7.png
Images/image_1514.jpg,Masks/image_1514.png
Images/image_1836.jpg,Masks/image_1836.png
Images/image_1692.jpg,Masks/image_1692.png
Images/image_1869.jpg,Masks/image_1869.png
Images/image_158.jpg,Masks/image_158.png
Images/image_1362.jpg,Masks/image_1362.png
Images/image_1214.jpg,Masks/image_1214.png
Images/image_1739.jpg,Masks/image_1739.png
Images/image_3.jpg,Masks/image_3.png
Images/image_1628.jpg,Masks/image_1628.png
Images/image_31.jpg,Masks/image_31.png
Images/image_1759.jpg,Masks/image_1759.png
Images/image_1652.jpg,Masks/image_1652.png
Images/image_1255.jpg,Masks/image_1255.png
Images/image_858.jpg,Masks/image_858.png
Images/image_538.jpg,Masks/image_538.png
Images/image_136.jpg,Masks/image_136.png
Images/image_1917.jpg,Masks/image_1917.png
Images/image_255.jpg,Masks/image_255.png
Images/image_547.jpg,Masks/image_547.png
Images/image_1768.jpg,Masks/image_1768.png
Images/image_329.jpg,Masks/image_329.png
Images/image_134.jpg,Masks/image_134.png
Images/image_1295.jpg,Masks/image_1295.png
Images/image_634.jpg,Masks/image_634.png
Images/image_1823.jpg,Masks/image_1823.png
Images/image_849.jpg,Masks/image_849.png
Images/image_544.jpg,Masks/image_544.png
Images/image_450.jpg,Masks/image_450.png
Images/image_704.jpg,Masks/image_704.png
Images/image_940.jpg,Masks/image_940.png
Images/image_689.jpg,Masks/image_689.png
Images/image_1454.jpg,Masks/image_1454.png
Images/image_1746.jpg,Masks/image_1746.png
Images/image_425.jpg,Masks/image_425.png
Images/image_414.jpg,Masks/image_414.png
Images/image_487.jpg,Masks/image_487.png
Images/image_567.jpg,Masks/image_567.png
Images/image_668.jpg,Masks/image_668.png
Images/image_1905.jpg,Masks/image_1905.png
Images/image_1326.jpg,Masks/image_1326.png
Images/image_230.jpg,Masks/image_230.png
Images/image_1359.jpg,Masks/image_1359.png
Images/image_950.jpg,Masks/image_950.png
Images/image_929.jpg,Masks/image_929.png
Images/image_1782.jpg,Masks/image_1782.png
Images/image_715.jpg,Masks/image_715.png
Images/image_1932.jpg,Masks/image_1932.png
Images/image_1417.jpg,Masks/image_1417.png
Images/image_1322.jpg,Masks/image_1322.png
Images/image_810.jpg,Masks/image_810.png
Images/image_454.jpg,Masks/image_454.png
Images/image_34.jpg,Masks/image_34.png
Images/image_1707.jpg,Masks/image_1707.png
Images/image_70.jpg,Masks/image_70.png
Images/image_168.jpg,Masks/image_168.png
Images/image_571.jpg,Masks/image_571.png
Images/image_1683.jpg,Masks/image_1683.png
Images/image_1584.jpg,Masks/image_1584.png
Images/image_1530.jpg,Masks/image_1530.png
Images/image_124.jpg,Masks/image_124.png
Images/image_1455.jpg,Masks/image_1455.png
Images/image_1215.jpg,Masks/image_1215.png
Images/image_96.jpg,Masks/image_96.png
Images/image_1784.jpg,Masks/image_1784.png
Images/image_1150.jpg,Masks/image_1150.png
Images/image_1540.jpg,Masks/image_1540.png
Images/image_356.jpg,Masks/image_356.png
Images/image_842.jpg,Masks/image_842.png
Images/image_800.jpg,Masks/image_800.png
Images/image_262.jpg,Masks/image_262.png
Images/image_1065.jpg,Masks/image_1065.png
Images/image_581.jpg,Masks/image_581.png
Images/image_1124.jpg,Masks/image_1124.png
Images/image_527.jpg,Masks/image_527.png
Images/image_1282.jpg,Masks/image_1282.png
Images/image_1963.jpg,Masks/image_1963.png
Images/image_586.jpg,Masks/image_586.png
Images/image_1808.jpg,Masks/image_1808.png
Images/image_493.jpg,Masks/image_493.png
Images/image_1770.jpg,Masks/image_1770.png
Images/image_919.jpg,Masks/image_919.png
Images/image_757.jpg,Masks/image_757.png
Images/image_1926.jpg,Masks/image_1926.png
Images/image_1400.jpg,Masks/image_1400.png
Images/image_1231.jpg,Masks/image_1231.png
Images/image_1709.jpg,Masks/image_1709.png
Images/image_341.jpg,Masks/image_341.png
Images/image_755.jpg,Masks/image_755.png
Images/image_912.jpg,Masks/image_912.png
Images/image_339.jpg,Masks/image_339.png
Images/image_1236.jpg,Masks/image_1236.png
Images/image_935.jpg,Masks/image_935.png
Images/image_405.jpg,Masks/image_405.png
Images/image_808.jpg,Masks/image_808.png
Images/image_558.jpg,Masks/image_558.png
Images/image_223.jpg,Masks/image_223.png
Images/image_698.jpg,Masks/image_698.png
Images/image_1612.jpg,Masks/image_1612.png
Images/image_1901.jpg,Masks/image_1901.png
Images/image_370.jpg,Masks/image_370.png
Images/image_1462.jpg,Masks/image_1462.png
Images/image_918.jpg,Masks/image_918.png
Images/image_1970.jpg,Masks/image_1970.png
Images/image_1087.jpg,Masks/image_1087.png
Images/image_1170.jpg,Masks/image_1170.png
Images/image_916.jpg,Masks/image_916.png
Images/image_1179.jpg,Masks/image_1179.png
Images/image_577.jpg,Masks/image_577.png
Images/image_461.jpg,Masks/image_461.png
Images/image_1155.jpg,Masks/image_1155.png
Images/image_1377.jpg,Masks/image_1377.png
Images/image_568.jpg,Masks/image_568.png
Images/image_1653.jpg,Masks/image_1653.png
Images/image_1223.jpg,Masks/image_1223.png
Images/image_927.jpg,Masks/image_927.png
Images/image_164.jpg,Masks/image_164.png
Images/image_1674.jpg,Masks/image_1674.png
Images/image_878.jpg,Masks/image_878.png
Images/image_641.jpg,Masks/image_641.png
Images/image_1647.jpg,Masks/image_1647.png
Images/image_661.jpg,Masks/image_661.png
Images/image_1488.jpg,Masks/image_1488.png
Images/image_1269.jpg,Masks/image_1269.png
Images/image_872.jpg,Masks/image_872.png
Images/image_659.jpg,Masks/image_659.png
Images/image_1204.jpg,Masks/image_1204.png
Images/image_1072.jpg,Masks/image_1072.png
Images/image_1121.jpg,Masks/image_1121.png
Images/image_785.jpg,Masks/image_785.png
Images/image_778.jpg,Masks/image_778.png
Images/image_1430.jpg,Masks/image_1430.png
Images/image_166.jpg,Masks/image_166.png
Images/image_1856.jpg,Masks/image_1856.png
Images/image_402.jpg,Masks/image_402.png
Images/image_188.jpg,Masks/image_188.png
Images/image_703.jpg,Masks/image_703.png
Images/image_506.jpg,Masks/image_506.png
Images/image_65.jpg,Masks/image_65.png
Images/image_1765.jpg,Masks/image_1765.png
Images/image_562.jpg,Masks/image_562.png
Images/image_269.jpg,Masks/image_269.png
Images/image_114.jpg,Masks/image_114.png
Images/image_843.jpg,Masks/image_843.png
Images/image_1688.jpg,Masks/image_1688.png
Images/image_1006.jpg,Masks/image_1006.png
Images/image_1051.jpg,Masks/image_1051.png
Images/image_1620.jpg,Masks/image_1620.png
Images/image_606.jpg,Masks/image_606.png
Images/image_684.jpg,Masks/image_684.png
Images/image_1562.jpg,Masks/image_1562.png
Images/image_204.jpg,Masks/image_204.png
Images/image_45.jpg,Masks/image_45.png
Images/image_531.jpg,Masks/image_531.png
Images/image_885.jpg,Masks/image_885.png
Images/image_247.jpg,Masks/image_247.png
Images/image_718.jpg,Masks/image_718.png
Images/image_251.jpg,Masks/image_251.png
Images/image_1061.jpg,Masks/image_1061.png
Images/image_942.jpg,Masks/image_942.png
Images/image_350.jpg,Masks/image_350.png
Images/image_590.jpg,Masks/image_590.png
Images/image_519.jpg,Masks/image_519.png
Images/image_406.jpg,Masks/image_406.png
Images/image_679.jpg,Masks/image_679.png
Images/image_1177.jpg,Masks/image_1177.png
Images/image_1597.jpg,Masks/image_1597.png
Images/image_1757.jpg,Masks/image_1757.png
Images/image_115.jpg,Masks/image_115.png
Images/image_1301.jpg,Masks/image_1301.png
Images/image_1353.jpg,Masks/image_1353.png
Images/image_446.jpg,Masks/image_446.png
Images/image_811.jpg,Masks/image_811.png
Images/image_1318.jpg,Masks/image_1318.png
Images/image_455.jpg,Masks/image_455.png
Images/image_1993.jpg,Masks/image_1993.png
Images/image_1440.jpg,Masks/image_1440.png
Images/image_152.jpg,Masks/image_152.png
Images/image_737.jpg,Masks/image_737.png
Images/image_765.jpg,Masks/image_765.png
Images/image_1369.jpg,Masks/image_1369.png
Images/image_1794.jpg,Masks/image_1794.png
Images/image_637.jpg,Masks/image_637.png
Images/image_632.jpg,Masks/image_632.png
Images/image_432.jpg,Masks/image_432.png
Images/image_1867.jpg,Masks/image_1867.png
Images/image_1382.jpg,Masks/image_1382.png
Images/image_1039.jpg,Masks/image_1039.png
Images/image_995.jpg,Masks/image_995.png
Images/image_939.jpg,Masks/image_939.png
Images/image_700.jpg,Masks/image_700.png
Images/image_857.jpg,Masks/image_857.png
Images/image_708.jpg,Masks/image_708.png
Images/image_242.jpg,Masks/image_242.png
Images/image_1624.jpg,Masks/image_1624.png
Images/image_1671.jpg,Masks/image_1671.png
Images/image_76.jpg,Masks/image_76.png
Images/image_1448.jpg,Masks/image_1448.png
Images/image_224.jpg,Masks/image_224.png
Images/image_301.jpg,Masks/image_301.png
Images/image_584.jpg,Masks/image_584.png
Images/image_1422.jpg,Masks/image_1422.png
Images/image_1779.jpg,Masks/image_1779.png
Images/image_1367.jpg,Masks/image_1367.png
Images/image_335.jpg,Masks/image_335.png
Images/image_681.jpg,Masks/image_681.png
Images/image_156.jpg,Masks/image_156.png
Images/image_1098.jpg,Masks/image_1098.png
Images/image_1699.jpg,Masks/image_1699.png
Images/image_1725.jpg,Masks/image_1725.png
Images/image_524.jpg,Masks/image_524.png
Images/image_961.jpg,Masks/image_961.png
Images/image_391.jpg,Masks/image_391.png
Images/image_1189.jpg,Masks/image_1189.png
Images/image_125.jpg,Masks/image_125.png
Images/image_904.jpg,Masks/image_904.png
Images/image_1404.jpg,Masks/image_1404.png
Images/image_864.jpg,Masks/image_864.png
Images/image_308.jpg,Masks/image_308.png
Images/image_1762.jpg,Masks/image_1762.png
Images/image_1183.jpg,Masks/image_1183.png
Images/image_1358.jpg,Masks/image_1358.png
Images/image_1672.jpg,Masks/image_1672.png
Images/image_123.jpg,Masks/image_123.png
Images/image_1217.jpg,Masks/image_1217.png
Images/image_1625.jpg,Masks/image_1625.png
Images/image_1877.jpg,Masks/image_1877.png
Images/image_1201.jpg,Masks/image_1201.png
Images/image_1737.jpg,Masks/image_1737.png
Images/image_206.jpg,Masks/image_206.png
Images/image_1663.jpg,Masks/image_1663.png
Images/image_879.jpg,Masks/image_879.png
Images/image_953.jpg,Masks/image_953.png
Images/image_550.jpg,Masks/image_550.png
Images/image_1395.jpg,Masks/image_1395.png
Images/image_1807.jpg,Masks/image_1807.png
Images/image_1317.jpg,Masks/image_1317.png
Images/image_1206.jpg,Masks/image_1206.png
Images/image_2001.jpg,Masks/image_2001.png
Images/image_174.jpg,Masks/image_174.png
Images/image_218.jpg,Masks/image_218.png
Images/image_794.jpg,Masks/image_794.png
Images/image_1463.jpg,Masks/image_1463.png
Images/image_1131.jpg,Masks/image_1131.png
Images/image_24.jpg,Masks/image_24.png
Images/image_1588.jpg,Masks/image_1588.png
Images/image_1144.jpg,Masks/image_1144.png
Images/image_1687.jpg,Masks/image_1687.png
Images/image_1568.jpg,Masks/image_1568.png
Images/image_844.jpg,Masks/image_844.png
Images/image_691.jpg,Masks/image_691.png
Images/image_646.jpg,Masks/image_646.png
Images/image_1268.jpg,Masks/image_1268.png
Images/image_657.jpg,Masks/image_657.png
Images/image_1891.jpg,Masks/image_1891.png
Images/image_418.jpg,Masks/image_418.png
Images/image_1068.jpg,Masks/image_1068.png
Images/image_62.jpg,Masks/image_62.png
Images/image_1256.jpg,Masks/image_1256.png
Images/image_1975.jpg,Masks/image_1975.png
Images/image_552.jpg,Masks/image_552.png
Images/image_1398.jpg,Masks/image_1398.png
Images/image_1059.jpg,Masks/image_1059.png
Images/image_1443.jpg,Masks/image_1443.png
Images/image_734.jpg,Masks/image_734.png
Images/image_528.jpg,Masks/image_528.png
Images/image_105.jpg,Masks/image_105.png
Images/image_807.jpg,Masks/image_807.png
Images/image_417.jpg,Masks/image_417.png
Images/image_856.jpg,Masks/image_856.png
Images/image_1898.jpg,Masks/image_1898.png
Images/image_803.jpg,Masks/image_803.png
Images/image_1146.jpg,Masks/image_1146.png
Images/image_1645.jpg,Masks/image_1645.png
Images/image_1633.jpg,Masks/image_1633.png
Images/image_1040.jpg,Masks/image_1040.png
Images/image_642.jpg,Masks/image_642.png
Images/image_1818.jpg,Masks/image_1818.png
Images/image_1657.jpg,Masks/image_1657.png
Images/image_924.jpg,Masks/image_924.png
Images/image_235.jpg,Masks/image_235.png
Images/image_372.jpg,Masks/image_372.png
Images/image_614.jpg,Masks/image_614.png
Images/image_1503.jpg,Masks/image_1503.png
Images/image_1675.jpg,Masks/image_1675.png
Images/image_1159.jpg,Masks/image_1159.png
Images/image_1354.jpg,Masks/image_1354.png
Images/image_1539.jpg,Masks/image_1539.png
Images/image_408.jpg,Masks/image_408.png
Images/image_1497.jpg,Masks/image_1497.png
Images/image_1907.jpg,Masks/image_1907.png
Images/image_662.jpg,Masks/image_662.png
Images/image_1731.jpg,Masks/image_1731.png
Images/image_382.jpg,Masks/image_382.png
Images/image_1722.jpg,Masks/image_1722.png
Images/image_295.jpg,Masks/image_295.png
Images/image_1986.jpg,Masks/image_1986.png
Images/image_275.jpg,Masks/image_275.png
Images/image_1260.jpg,Masks/image_1260.png
Images/image_141.jpg,Masks/image_141.png
Images/image_1357.jpg,Masks/image_1357.png
Images/image_846.jpg,Masks/image_846.png
Images/image_1378.jpg,Masks/image_1378.png
Images/image_57.jpg,Masks/image_57.png
Images/image_1298.jpg,Masks/image_1298.png
Images/image_732.jpg,Masks/image_732.png
Images/image_532.jpg,Masks/image_532.png
Images/image_655.jpg,Masks/image_655.png
Images/image_741.jpg,Masks/image_741.png
Images/image_798.jpg,Masks/image_798.png
Images/image_500.jpg,Masks/image_500.png
Images/image_128.jpg,Masks/image_128.png
Images/image_1174.jpg,Masks/image_1174.png
Images/image_1941.jpg,Masks/image_1941.png
Images/image_563.jpg,Masks/image_563.png
Images/image_374.jpg,Masks/image_374.png
Images/image_15.jpg,Masks/image_15.png
Images/image_1270.jpg,Masks/image_1270.png
Images/image_1906.jpg,Masks/image_1906.png
Images/image_1004.jpg,Masks/image_1004.png
Images/image_42.jpg,Masks/image_42.png
Images/image_162.jpg,Masks/image_162.png
Images/image_549.jpg,Masks/image_549.png
Images/image_1126.jpg,Masks/image_1126.png
Images/image_30.jpg,Masks/image_30.png
Images/image_149.jpg,Masks/image_149.png
Images/image_1899.jpg,Masks/image_1899.png
Images/image_163.jpg,Masks/image_163.png
Images/image_349.jpg,Masks/image_349.png
Images/image_1310.jpg,Masks/image_1310.png
Images/image_1030.jpg,Masks/image_1030.png
Images/image_1619.jpg,Masks/image_1619.png
Images/image_1572.jpg,Masks/image_1572.png
Images/image_1178.jpg,Masks/image_1178.png
Images/image_643.jpg,Masks/image_643.png
Images/image_812.jpg,Masks/image_812.png
Images/image_847.jpg,Masks/image_847.png
Images/image_1537.jpg,Masks/image_1537.png
Images/image_1843.jpg,Masks/image_1843.png
Images/image_612.jpg,Masks/image_612.png
Images/image_1930.jpg,Masks/image_1930.png
Images/image_1034.jpg,Masks/image_1034.png
Images/image_958.jpg,Masks/image_958.png
Images/image_887.jpg,Masks/image_887.png
Images/image_26.jpg,Masks/image_26.png
Images/image_50.jpg,Masks/image_50.png
Images/image_1849.jpg,Masks/image_1849.png
Images/image_169.jpg,Masks/image_169.png
Images/image_1881.jpg,Masks/image_1881.png
Images/image_236.jpg,Masks/image_236.png
Images/image_1896.jpg,Masks/image_1896.png
Images/image_1814.jpg,Masks/image_1814.png
Images/image_1421.jpg,Masks/image_1421.png
Images/image_1407.jpg,Masks/image_1407.png
Images/image_1519.jpg,Masks/image_1519.png
Images/image_1669.jpg,Masks/image_1669.png
Images/image_865.jpg,Masks/image_865.png
Images/image_677.jpg,Masks/image_677.png
Images/image_1550.jpg,Masks/image_1550.png
Images/image_1793.jpg,Masks/image_1793.png
Images/image_1054.jpg,Masks/image_1054.png
Images/image_1343.jpg,Masks/image_1343.png
Images/image_1800.jpg,Masks/image_1800.png
Images/image_1880.jpg,Masks/image_1880.png
Images/image_510.jpg,Masks/image_510.png
Images/image_1237.jpg,Masks/image_1237.png
Images/image_1618.jpg,Masks/image_1618.png
Images/image_173.jpg,Masks/image_173.png
Images/image_396.jpg,Masks/image_396.png
Images/image_1409.jpg,Masks/image_1409.png
Images/image_1845.jpg,Masks/image_1845.png
Images/image_1693.jpg,Masks/image_1693.png
Images/image_1324.jpg,Masks/image_1324.png
Images/image_853.jpg,Masks/image_853.png
Images/image_1801.jpg,Masks/image_1801.png
Images/image_87.jpg,Masks/image_87.png
Images/image_896.jpg,Masks/image_896.png
Images/image_730.jpg,Masks/image_730.png
Images/image_1229.jpg,Masks/image_1229.png
Images/image_888.jpg,Masks/image_888.png
Images/image_1334.jpg,Masks/image_1334.png
Images/image_746.jpg,Masks/image_746.png
Images/image_154.jpg,Masks/image_154.png
Images/image_1702.jpg,Masks/image_1702.png
Images/image_1315.jpg,Masks/image_1315.png
Images/image_41.jpg,Masks/image_41.png
Images/image_1966.jpg,Masks/image_1966.png
Images/image_854.jpg,Masks/image_854.png
Images/image_1957.jpg,Masks/image_1957.png
Images/image_909.jpg,Masks/image_909.png
Images/image_20.jpg,Masks/image_20.png
Images/image_1225.jpg,Masks/image_1225.png
Images/image_1194.jpg,Masks/image_1194.png
Images/image_822.jpg,Masks/image_822.png
Images/image_1374.jpg,Masks/image_1374.png
Images/image_1940.jpg,Masks/image_1940.png
Images/image_1641.jpg,Masks/image_1641.png
Images/image_1998.jpg,Masks/image_1998.png
Images/image_1527.jpg,Masks/image_1527.png
Images/image_1242.jpg,Masks/image_1242.png
Images/image_623.jpg,Masks/image_623.png
Images/image_645.jpg,Masks/image_645.png
Images/image_1449.jpg,Masks/image_1449.png
Images/image_894.jpg,Masks/image_894.png
Images/image_1024.jpg,Masks/image_1024.png
Images/image_1525.jpg,Masks/image_1525.png
Images/image_276.jpg,Masks/image_276.png
Images/image_1274.jpg,Masks/image_1274.png
Images/image_575.jpg,Masks/image_575.png
Images/image_960.jpg,Masks/image_960.png
Images/image_1990.jpg,Masks/image_1990.png
Images/image_1994.jpg,Masks/image_1994.png
Images/image_1883.jpg,Masks/image_1883.png
Images/image_1037.jpg,Masks/image_1037.png
Images/image_1005.jpg,Masks/image_1005.png
Images/image_227.jpg,Masks/image_227.png
Images/image_830.jpg,Masks/image_830.png
Images/image_696.jpg,Masks/image_696.png
Images/image_1780.jpg,Masks/image_1780.png
Images/image_184.jpg,Masks/image_184.png
Images/image_1265.jpg,Masks/image_1265.png
Images/image_1607.jpg,Masks/image_1607.png
Images/image_868.jpg,Masks/image_868.png
Images/image_1045.jpg,Masks/image_1045.png
Images/image_1813.jpg,Masks/image_1813.png
Images/image_676.jpg,Masks/image_676.png
Images/image_788.jpg,Masks/image_788.png
Images/image_441.jpg,Masks/image_441.png
Images/image_1690.jpg,Masks/image_1690.png
Images/image_994.jpg,Masks/image_994.png
Images/image_316.jpg,Masks/image_316.png
Images/image_621.jpg,Masks/image_621.png
Images/image_457.jpg,Masks/image_457.png
Images/image_597.jpg,Masks/image_597.png
Images/image_1685.jpg,Masks/image_1685.png
Images/image_412.jpg,Masks/image_412.png
Images/image_603.jpg,Masks/image_603.png
Images/image_342.jpg,Masks/image_342.png
Images/image_1489.jpg,Masks/image_1489.png
Images/image_1195.jpg,Masks/image_1195.png
Images/image_771.jpg,Masks/image_771.png
Images/image_1858.jpg,Masks/image_1858.png
Images/image_175.jpg,Masks/image_175.png
Images/image_1187.jpg,Masks/image_1187.png
Images/image_1035.jpg,Masks/image_1035.png
Images/image_1234.jpg,Masks/image_1234.png
Images/image_1964.jpg,Masks/image_1964.png
Images/image_209.jpg,Masks/image_209.png
Images/image_824.jpg,Masks/image_824.png
Images/image_589.jpg,Masks/image_589.png
Images/image_1064.jpg,Masks/image_1064.png
Images/image_649.jpg,Masks/image_649.png
Images/image_1590.jpg,Masks/image_1590.png
Images/image_685.jpg,Masks/image_685.png
Images/image_671.jpg,Masks/image_671.png
Images/image_279.jpg,Masks/image_279.png
Images/image_556.jpg,Masks/image_556.png
Images/image_1732.jpg,Masks/image_1732.png
Images/image_1548.jpg,Masks/image_1548.png
Images/image_1335.jpg,Masks/image_1335.png
Images/image_915.jpg,Masks/image_915.png
Images/image_1112.jpg,Masks/image_1112.png
Images/image_1427.jpg,Masks/image_1427.png
Images/image_407.jpg,Masks/image_407.png
Images/image_239.jpg,Masks/image_239.png
Images/image_1792.jpg,Masks/image_1792.png
Images/image_1216.jpg,Masks/image_1216.png
Images/image_1790.jpg,Masks/image_1790.png
Images/image_1533.jpg,Masks/image_1533.png
Images/image_1153.jpg,Masks/image_1153.png
Images/image_421.jpg,Masks/image_421.png
Images/image_1227.jpg,Masks/image_1227.png
Images/image_1077.jpg,Masks/image_1077.png
Images/image_485.jpg,Masks/image_485.png
Images/image_599.jpg,Masks/image_599.png
Images/image_598.jpg,Masks/image_598.png
Images/image_244.jpg,Masks/image_244.png
Images/image_410.jpg,Masks/image_410.png
Images/image_1060.jpg,Masks/image_1060.png
Images/image_160.jpg,Masks/image_160.png
Images/image_1961.jpg,Masks/image_1961.png
Images/image_352.jpg,Masks/image_352.png
Images/image_1218.jpg,Masks/image_1218.png
Images/image_1577.jpg,Masks/image_1577.png
Images/image_85.jpg,Masks/image_85.png
Images/image_375.jpg,Masks/image_375.png
Images/image_754.jpg,Masks/image_754.png
Images/image_509.jpg,Masks/image_509.png
Images/image_881.jpg,Masks/image_881.png
Images/image_354.jpg,Masks/image_354.png
Images/image_1487.jpg,Masks/image_1487.png
Images/image_1325.jpg,Masks/image_1325.png
Images/image_1512.jpg,Masks/image_1512.png
Images/image_1580.jpg,Masks/image_1580.png
Images/image_1375.jpg,Masks/image_1375.png
Images/image_1659.jpg,Masks/image_1659.png
Images/image_1876.jpg,Masks/image_1876.png
Images/image_1601.jpg,Masks/image_1601.png
Images/image_1711.jpg,Masks/image_1711.png
Images/image_957.jpg,Masks/image_957.png
Images/image_647.jpg,Masks/image_647.png
Images/image_1173.jpg,Masks/image_1173.png
Images/image_901.jpg,Masks/image_901.png
Images/image_1668.jpg,Masks/image_1668.png
Images/image_1460.jpg,Masks/image_1460.png
Images/image_1032.jpg,Masks/image_1032.png
Images/image_1764.jpg,Masks/image_1764.png
Images/image_310.jpg,Masks/image_310.png
Images/image_667.jpg,Masks/image_667.png
Images/image_761.jpg,Masks/image_761.png
Images/image_654.jpg,Masks/image_654.png
Images/image_1526.jpg,Masks/image_1526.png
Images/image_1333.jpg,Masks/image_1333.png
Images/image_1752.jpg,Masks/image_1752.png
Images/image_710.jpg,Masks/image_710.png
Images/image_711.jpg,Masks/image_711.png
Images/image_1185.jpg,Masks/image_1185.png
Images/image_1608.jpg,Masks/image_1608.png
Images/image_53.jpg,Masks/image_53.png
Images/image_1959.jpg,Masks/image_1959.png
Images/image_576.jpg,Masks/image_576.png
Images/image_740.jpg,Masks/image_740.png
Images/image_100.jpg,Masks/image_100.png
Images/image_435.jpg,Masks/image_435.png
Images/image_1009.jpg,Masks/image_1009.png
Images/image_357.jpg,Masks/image_357.png
Images/image_1863.jpg,Masks/image_1863.png
Images/image_1529.jpg,Masks/image_1529.png
Images/image_1516.jpg,Masks/image_1516.png
Images/image_12.jpg,Masks/image_12.png
Images/image_982.jpg,Masks/image_982.png
Images/image_891.jpg,Masks/image_891.png
Images/image_322.jpg,Masks/image_322.png
Images/image_1261.jpg,Masks/image_1261.png
Images/image_1662.jpg,Masks/image_1662.png
Images/image_1931.jpg,Masks/image_1931.png
Images/image_289.jpg,Masks/image_289.png
Images/image_733.jpg,Masks/image_733.png
Images/image_61.jpg,Masks/image_61.png
Images/image_977.jpg,Masks/image_977.png
Images/image_1656.jpg,Masks/image_1656.png
Images/image_364.jpg,Masks/image_364.png
Images/image_472.jpg,Masks/image_472.png
Images/image_1723.jpg,Masks/image_1723.png
Images/image_46.jpg,Masks/image_46.png
Images/image_682.jpg,Masks/image_682.png
Images/image_1551.jpg,Masks/image_1551.png
Images/image_312.jpg,Masks/image_312.png
Images/image_1805.jpg,Masks/image_1805.png
Images/image_1958.jpg,Masks/image_1958.png
Images/image_475.jpg,Masks/image_475.png
Images/image_1224.jpg,Masks/image_1224.png
Images/image_1748.jpg,Masks/image_1748.png
Images/image_1634.jpg,Masks/image_1634.png
Images/image_118.jpg,Masks/image_118.png
Images/image_369.jpg,Masks/image_369.png
Images/image_669.jpg,Masks/image_669.png
Images/image_1946.jpg,Masks/image_1946.png
Images/image_583.jpg,Masks/image_583.png
Images/image_996.jpg,Masks/image_996.png
Images/image_433.jpg,Masks/image_433.png
Images/image_211.jpg,Masks/image_211.png
Images/image_560.jpg,Masks/image_560.png
Images/image_496.jpg,Masks/image_496.png
Images/image_1396.jpg,Masks/image_1396.png
Images/image_264.jpg,Masks/image_264.png
Images/image_1264.jpg,Masks/image_1264.png
Images/image_1494.jpg,Masks/image_1494.png
Images/image_777.jpg,Masks/image_777.png
Images/image_513.jpg,Masks/image_513.png
Images/image_460.jpg,Masks/image_460.png
Images/image_415.jpg,Masks/image_415.png
Images/image_505.jpg,Masks/image_505.png
Images/image_1582.jpg,Masks/image_1582.png
Images/image_1321.jpg,Masks/image_1321.png
Images/image_1743.jpg,Masks/image_1743.png
